1	Double Diabetes: Had Type 1 diabetes then gained Type 2 diabetes	1-Nov-16	1	10
2	"LADA Diabetes: Latent Autoimmune Diabetes of Adulthood, is a form of Type 1 diabetes for adults"	1-Dec-16	2	5
3	Steroid Induced Diabetes: Diabetes developed from steroid use	1-Jan-17	3	7
4	"Type 1 Diabetes: Developed in childhood, an autoimmune disorder where sugars don't get processed"	1-Feb-17	4	1
5	Type 2 Diabetes: Developed insulin immunity during adulthood	1-Mar-17	5	2
6	Secondary Diabetes: Where diabetes is developed as a side affect of a perscription drug	1-Apr-17	6	9
7	"Brittle Diabetes: Hard to control variant of Type 1 diabetes, causes extreme swings in blood glucose levels"	1-May-17	7	8
8	Gestational Diabetes: Diabetes during or following a pregnancy	1-Jun-17	8	3
9	"MODY Diabetes: Maturity Onset Diabetes of the Young, this is an inherited diabetes not associated with obesity unlike Type 1 and Type 2 diabetes"	1-Jul-17	9	6
10	Diabetes Insipidus: Changes in blood sugar from excessive urination	1-Aug-17	10	4
11	Type 2 Diabetes: Developed insulin immunity during adulthood	1-Sep-17	11	2
12	Secondary Diabetes: Where diabetes is developed as a side affect of a perscription drug	1-Oct-17	12	9
13	Gestational Diabetes: Diabetes during or following a pregnancy	1-Nov-17	13	3
14	"MODY Diabetes: Maturity Onset Diabetes of the Young, this is an inherited diabetes not associated with obesity unlike Type 1 and Type 2"	1-Dec-17	14	6
15	"Type 1 Diabetes: Developed in childhood, an autoimmune disorder where sugars don't get processed"	1-Jan-18	15	1
16	Double Diabetes: Had Type 1 diabetes then gained Type 2 diabetes	1-Feb-18	16	10
17	"LADA Diabetes: Latent Autoimmune Diabetes of Adulthood, is a form of Type 1 diabetes for adults"	1-Mar-18	17	5
18	Steroid Induced Diabetes: Diabetes developed from steroid use	1-Apr-18	18	7
19	"Type 1 Diabetes: Developed in childhood, an autoimmune disorder where sugars don't get processed"	1-May-18	19	1
20	Type 2 Diabetes: Developed insulin immunity during adulthood	1-Jun-18	20	2
21	Secondary Diabetes: Where diabetes is developed as a side affect of a perscription drug	1-Jul-18	21	9
22	"Brittle Diabetes: Hard to control variant of Type 1 diabetes, causes extreme swings in blood glucose levels"	1-Aug-18	22	8
23	Gestational Diabetes: Diabetes during or following a pregnancy	1-Sep-18	23	3
24	"MODY Diabetes: Maturity Onset Diabetes of the Young, this is an inherited diabetes not associated with obesity unlike Type 1 and Type 2 diabetes"	1-Oct-18	24	6
25	Diabetes Insipidus: Changes in blood sugar from excessive urination	1-Nov-18	25	4
26	Type 2 Diabetes: Developed insulin immunity during adulthood	1-Dec-18	26	2
27	Secondary Diabetes: Where diabetes is developed as a side affect of a perscription drug	1-Jan-19	27	9
28	Gestational Diabetes: Diabetes during or following a pregnancy	1-Feb-19	28	3
29	"MODY Diabetes: Maturity Onset Diabetes of the Young, this is an inherited diabetes not associated with obesity unlike Type 1 and Type 2"	1-Mar-19	29	6
30	"Type 1 Diabetes: Developed in childhood, an autoimmune disorder where sugars don't get processed"	1-Apr-19	30	1
31	Double Diabetes: Had Type 1 diabetes then gained Type 2 diabetes	1-May-19	31	10
32	"LADA Diabetes: Latent Autoimmune Diabetes of Adulthood, is a form of Type 1 diabetes for adults"	1-Jun-19	32	5
33	Steroid Induced Diabetes: Diabetes developed from steroid use	1-Jul-19	33	7
34	"Type 1 Diabetes: Developed in childhood, an autoimmune disorder where sugars don't get processed"	1-Aug-19	34	1
35	Type 2 Diabetes: Developed insulin immunity during adulthood	1-Sep-19	35	2
36	Secondary Diabetes: Where diabetes is developed as a side affect of a perscription drug	1-Oct-19	36	9
37	"Brittle Diabetes: Hard to control variant of Type 1 diabetes, causes extreme swings in blood glucose levels"	1-Nov-19	37	8
38	Gestational Diabetes: Diabetes during or following a pregnancy	1-Dec-19	38	3
39	"MODY Diabetes: Maturity Onset Diabetes of the Young, this is an inherited diabetes not associated with obesity unlike Type 1 and Type 2 diabetes"	1-Jan-20	39	6
40	Diabetes Insipidus: Changes in blood sugar from excessive urination	1-Feb-20	40	4
41	Type 2 Diabetes: Developed insulin immunity during adulthood	1-Mar-20	41	2
42	Secondary Diabetes: Where diabetes is developed as a side affect of a perscription drug	1-Apr-20	42	9
43	Gestational Diabetes: Diabetes during or following a pregnancy	1-May-20	43	3
44	"MODY Diabetes: Maturity Onset Diabetes of the Young, this is an inherited diabetes not associated with obesity unlike Type 1 and Type 2"	1-Jun-20	44	6
45	"Type 1 Diabetes: Developed in childhood, an autoimmune disorder where sugars don't get processed"	1-Jul-20	45	1
46	Double Diabetes: Had Type 1 diabetes then gained Type 2 diabetes	1-Aug-20	46	10
47	"LADA Diabetes: Latent Autoimmune Diabetes of Adulthood, is a form of Type 1 diabetes for adults"	1-Sep-20	47	5
48	Steroid Induced Diabetes: Diabetes developed from steroid use	1-Oct-20	48	7
49	"Type 1 Diabetes: Developed in childhood, an autoimmune disorder where sugars don't get processed"	1-Nov-20	49	1
50	Type 2 Diabetes: Developed insulin immunity during adulthood	1-Dec-20	50	2
