﻿1,Craig Hospital,9271 Tolnra Rd,Pueblo,CO,80202
2,Saint Joseph Hospital,2974 Kormas Ave,Cherry Creek,CO,80204
3,Penrose Hospital,1297 Quasit St,Aurora,CO,80206
4,Adventist Hospital,3597 Eurydice Blvd,Fort Collins,CO,80208
5,St Anthony Hospital,2874 Juristice Rd,Lone Tree,CO,80210
6,UCHealth Memorial Hospital,9735 Soroman Ave,Fort Collins,CO,80208
7,Kindred Hospital,6783 Foli St,Aurora,CO,80206
8,St. Francis Hospital,8735 Serendipity Blvd,Cherry Creek,CO,80204
9,Rose Hospital,3297 Auspistice Rd,Fort Collins,CO,80208
10,Swedish Hospital,9273 Eurythmics Ave,Pueblo,CO,80202
11,Skyridge Hospital,9324 Sorpran St,Lone Tree,CO,80210
12,Lone Tree Hospital,7834 Frama Blvd,Lone Tree,CO,80210
13,Pueblo Hospital,2319 Fryman Rd,Pueblo,CO,80202
14,Aurora Hospital,9832 Sormick Ave,Aurora,CO,80206
15,Cherry Creek Hospital,3276 Yurist St,Cherry Creek,CO,80204
16,Kaiser Permanente Hospital,0983 Resni Blvd,Pueblo,CO,80202
17,Centennial Peaks Hospital,9835 Oofretic Rd,Cherry Creek,CO,80204
18,Clear View Hospital,2487 Letrice Ave,Aurora,CO,80206
19,Fort Collins Hospital,6712 Okretic St,Fort Collins,CO,80208
20,Canyons Hospital and Medical Center,1202 Montero Blvd,Lone Tree,CO,80210
21,Banner Fort Collins Medical Center,9385 Inquisitive Rd,Fort Collins,CO,80208
22,Conejos Hospital,9730 Tyrikna Ave,Aurora,CO,80206
23,Delta Memorial Hospital,8234 Regisna St,Cherry Creek,CO,80204
24,East Morgana Hospital,1234 Korovic Blvd,Fort Collins,CO,80208
25,Good Samaritan Medical Center,3456 Yricktus Rd,Pueblo,CO,80202
26,Grand River Hospital,5678 Quizna Ave,Lone Tree,CO,80210
27,Heart of the Rockies Hospital,0987 Gryokov St,Lone Tree,CO,80210
28,Keefe Memorial Hospital,9128 Dryvna Blvd,Pueblo,CO,80202
29,Longs Peak Hospital,1133 Westner Rd,Aurora,CO,80206
30,Luthran Medical Center,9117 Gherelli Ave,Cherry Creek,CO,80204
