﻿1,Insulin Degludec,Tresiba,A type of long acting insulin.
2,Insulin Detemir,Levemir,A type of long acting insulin.
3,Insulin Glargine,Lantus,A type of long acting insulin.
4,Insulin Glargine,Toujeo,A type of long acting insulin.
5,Regular Insulin,Humulin,A type of short acting insulin.
6,Regular Insulin,Novolin,A type of short acting insulin.
7,Insulin Aspart,Novolog,A type of rapid acting insulin.
8,Insulin Aspart,FlexPen,A type of rapid acting insulin.
9,Insulin Aspart,Fiasp,A type of rapid acting insulin.
10,Insulin Glulisine,Apidra,A type of rapid acting insulin.
11,Insulin Lispro,Humalog,A type of rapid acting insulin.
12,Insulin Isophane,Humulin,A type of intermediate acting insulin.
13,Insulin Isophane,Novolin,A type of intermediate acting insulin.
14,NovoLog Mix 70/30,Novolin,A insulin medication made of parts insulin aspart protamine and insulin aspart.
15,Humalog Mix 75/25,Humulin,A insulin medication made of parts insulin lispro protamine and insulin lispro.
16,Humalog Mix 50/50,Humulin,A insulin medication made of parts insulin lispro protamine and insulin lispro.
17,Humulin 70/30,Humulin,A insulin medication made of parts human insulin NPH and human insulin regular.
18,Novolin 70/30,Novolin,A insulin medication made of parts human insulin NPH and human insulin regular.
19,Ryzodeg,Tresiba,A insulin medication made of parts insulin degludec and insulin aspart.
20,Acarbose,Precose,A type of alpha-glucosidase inhibitor.
21,Miglitol,Glyset,A type of alpha-glucosidase inhibitor.
22,Metformin-Alogliptin,Kazano,A type of biguandes that can decrease liver sugar content.
23,Metformin-Canagliflozin,Invokamet,A type of biguandes that can decrease liver sugar content.
24,Metformin-Dapaglifzolin,Xigduo XR,A type of biguandes that can decrease liver sugar content.
25,Metformin-Empagliflozin,Synjardy,A type of biguandes that can decrease liver sugar content.
26,Metformin-Glyburide,Glucovance,A type of biguandes that can decrease liver sugar content.
27,Metform-Linagliptin,Jentadueto,A type of biguandes that can decrease liver sugar content.
28,Metform-Pioglitazone,Actoplus,A type of biguandes that can decrease liver sugar content.
29,Metform-Repagline,Prandimet,A type of biguandes that can decrease liver sugar content.
30,Metformin-Saxagliptin,Avandamet,A type of biguandes that can decrease liver sugar content.
