﻿State,Average_Cost_of_Housing_2015,Estimated_Population_2015,Region,Coastal,Violent_Crime_Rate_Per_100000_People_2015,Total_Square_Milage_by_State_2015,Per_Capita_Personal_Income_by_State_2015,Average_Cost_of_Square_Footage_per_House_2015,Rated_School_Systems_2015,Political_Leaning,Validation_Coastal,Validation_Cost
ALABAMA,204900,4887871,South,1,472.4,50750,38965,101,39,1,Training,Training
ALASKA,287700,737438,Pacific,1,730.2,570641,55940,170,46,1,Validation,Validation
ARIZONA,285000,7171646,West,0,410.2,113642,39060,154,48,3,Validation,Validation
ARKANSAS,174900,3013825,South,0,521.3,52075,39107,99,38,1,Validation,Validation
CALIFORNIA,544000,39557045,West,1,426.3,155973,52651,320,44,2,Training,Training
COLORADO,419000,5695564,West,0,321,103730,50410,242,30,3,Training,Validation
CONNECTICUT,327950,3572665,North East,1,218.5,4845,66972,175,5,2,Training,Training
DELAWARE,285942,967171,South,1,499,1955,47662,143,18,2,Training,Training
FLORIDA,294900,21299325,South,1,461.9,53997,44101,165,40,3,Training,Training
GEORGIA,259000,10519475,South,1,378.3,57919,40551,116,35,1,Validation,Training
HAWAII,619000,1420491,Pacific,1,293.4,6423,47753,508,32,2,Validation,Training
IDAHO,299900,1754208,West,0,215.6,82751,37509,159,25,1,Training,Validation
ILLINOIS,236490,12741080,Midwest,0,383.8,55593,49471,149,14,2,Training,Validation
INDIANA,184900,6691878,Midwest,0,387.5,35870,40998,104,17,1,Training,Validation
IOWA,180000,3156145,Midwest,0,286.1,55875,44971,132,8,1,Training,Training
KANSAS,194500,2911505,Midwest,0,389.9,81823,45876,119,27,1,Training,Training
KENTUCKY,184900,4468402,South,0,218.7,39732,38989,112,24,1,Validation,Validation
LOUISIANA,212000,4659978,South,1,539.7,43566,43252,121,45,1,Training,Validation
MAINE,245000,1338404,North East,1,130.1,30865,42077,169,6,3,Training,Validation
MARYLAND,325000,6042718,South,1,457.2,9775,56127,185,13,2,Validation,Validation
MASSACHUSETTS,450000,6902149,North East,1,390.9,7838,61032,256,1,2,Validation,Validation
MICHIGAN,185000,9995915,Midwest,0,415.5,56539,42427,130,21,3,Training,Training
MINNESOTA,269000,5611179,Midwest,0,242.6,79617,50541,183,7,3,Validation,Training
MISSISSIPPI,179900,2986530,South,1,275.8,46914,35444,95,47,1,Validation,Training
MISSOURI,179900,6126452,Midwest,0,497.4,68898,42752,114,19,1,Training,Training
MONTANA,324000,1062305,West,0,349.6,145556,41280,198,10,1,Training,Training
NEBRASKA,209000,1929268,Midwest,0,274.9,76878,48006,137,15,1,Validation,Validation
NEVADA,310000,3034392,West,0,695.9,109806,42185,171,49,3,Validation,Training
NEW HAMPSHIRE,299000,1356458,North East,1,199.3,8969,54817,166,2,3,Training,Validation
NEW JERSEY,334900,8908520,North East,1,255.4,7419,59782,188,3,2,Training,Validation
NEW MEXICO,227000,2095428,West,0,656.1,121365,38457,133,50,2,Training,Training
NEW YORK,385000,19542209,North East,1,379.7,47224,57705,183,31,2,Training,Validation
NORTH CAROLINA,263000,10383620,South,1,347,48718,40656,129,23,3,Validation,Training
NORTH DAKOTA,233000,760077,Midwest,0,239.4,68994,54376,153,28,1,Training,Training
OHIO,169900,11689442,Midwest,0,291.9,40953,43478,106,36,1,Training,Training
OKLAHOMA,183421,3943079,South,0,422,68679,44272,101,42,1,Validation,Validation
OREGON,379900,4190713,West,1,259.8,96003,42974,214,37,2,Validation,Training
PENNSYLVANIA,215900,12807060,North East,0,315.1,44820,49180,128,11,3,Training,Training
RHODE ISLAND,309000,1057315,North East,1,242.5,1034,50080,204,9,2,Training,Training
SOUTH CAROLINA,249900,5084127,South,1,504.5,30111,38041,127,43,1,Validation,Training
SOUTH DAKOTA,229500,882235,Midwest,0,383.1,75898,45002,165,22,1,Training,Validation
TENNESSEE,244900,6770010,South,0,612.1,41220,42069,127,29,1,Validation,Validation
TEXAS,279900,28701845,South,1,412.2,261914,46745,125,33,1,Validation,Training
UTAH,350000,3161105,West,0,236,82168,39045,186,20,1,Training,Training
VERMONT,259000,626299,North East,0,118,9249,47864,149,4,2,Training,Validation
VIRGINIA,314970,8517685,South,1,195.6,39598,52136,159,12,3,Training,Training
WASHINGTON,395000,7535591,West,1,284.4,66582,51146,226,26,2,Training,Training
WEST VIRGINIA,159000,1805832,South,0,337.9,24087,37047,94,41,1,Validation,Training
WISCONSIN,214900,5813568,Midwest,0,305.8,54314,45617,139,16,3,Training,Training
WYOMING,250000,577737,West,0,222.1,97105,55303,166,34,1,Validation,Training
