States,Average Cost of Housing (2015),EstimatedPopulation2015,Region,Coastal,Violent Crime Rate Per 100000 People (2015)
ALABAMA,204900,4887871,South,Y,472.4
ALASKA,287700,737438,Pacific,Y,730.2
ARIZONA,285000,7171646,West,N,410.2
ARKANSAS,174900,3013825,South,N,521.3
CALIFORNIA,544000,39557045,West,Y,426.3
COLORADO,419000,5695564,West,N,321
CONNECTICUT,327950,3572665,North East,Y,218.5
DELAWARE,285942,967171,South,Y,499
FLORIDA,294900,21299325,South,Y,461.9
GEORGIA,259000,10519475,South,Y,378.3
HAWAII,619000,1420491,Pacific,Y,293.4
IDAHO,299900,1754208,West,N,215.6
ILLINOIS,236490,12741080,Midwest,N,383.8
INDIANA,184900,6691878,Midwest,N,387.5
IOWA,180000,3156145,Midwest,N,286.1
KANSAS,194500,2911505,Midwest,N,389.9
KENTUCKY,184900,4468402,South,N,218.7
LOUISIANA,212000,4659978,South,Y,539.7
MAINE,245000,1338404,North East,Y,130.1
MARYLAND,325000,6042718,South,Y,457.2
MASSACHUSETTS,450000,6902149,North East,Y,390.9
MICHIGAN,185000,9995915,Midwest,N,415.5
MINNESOTA,269000,5611179,Midwest,N,242.6
MISSISSIPPI,179900,2986530,South,Y,275.8
MISSOURI,179900,6126452,Midwest,N,497.4
MONTANA,324000,1062305,West,N,349.6
NEBRASKA,209000,1929268,Midwest,N,274.9
NEVADA,310000,3034392,West,N,695.9
NEW HAMPSHIRE,299000,1356458,North East,Y,199.3
NEW JERSEY,334900,8908520,North East,Y,255.4
NEW MEXICO,227000,2095428,West,N,656.1
NEW YORK,385000,19542209,North East,Y,379.7
NORTH CAROLINA,263000,10383620,South,Y,347
NORTH DAKOTA,233000,760077,Midwest,N,239.4
OHIO,169900,11689442,Midwest,N,291.9
OKLAHOMA,183421,3943079,South,N,422
OREGON,379900,4190713,West,Y,259.8
PENNSYLVANIA,215900,12807060,North East,N,315.1
RHODE ISLAND,309000,1057315,North East,Y,242.5
SOUTH CAROLINA,249900,5084127,South,Y,504.5
SOUTH DAKOTA,229500,882235,Midwest,N,383.1
TENNESSEE,244900,6770010,South,N,612.1
TEXAS,279900,28701845,South,Y,412.2
UTAH,350000,3161105,West,N,236
VERMONT,259000,626299,North East,N,118
VIRGINIA,314970,8517685,South,Y,195.6
WASHINGTON,395000,7535591,West,Y,284.4
WEST VIRGINIA,159000,1805832,South,N,337.9
WISCONSIN,214900,5813568,Midwest,N,305.8
WYOMING,250000,577737,West,N,222.1
