States,Total Square Milage by State (2015),Per Capita Personal Income by State (2015),Average Cost of Square Footage per House (2015),Rated School Systems (2015),Political Leaning
ALABAMA,50750,38965,101,39,Republican
ALASKA,570641,55940,170,46,Republican
ARIZONA,113642,39060,154,48,Both
ARKANSAS,52075,39107,99,38,Republican
CALIFORNIA,155973,52651,320,44,Democrat
COLORADO,103730,50410,242,30,Both
CONNECTICUT,4845,66972,175,5,Democrat
DELAWARE,1955,47662,143,18,Democrat
FLORIDA,53997,44101,165,40,Both
GEORGIA,57919,40551,116,35,Republican
HAWAII,6423,47753,508,32,Democrat
IDAHO,82751,37509,159,25,Republican
ILLINOIS,55593,49471,149,14,Democrat
INDIANA,35870,40998,104,17,Republican
IOWA,55875,44971,132,8,Republican
KANSAS,81823,45876,119,27,Republican
KENTUCKY,39732,38989,112,24,Republican
LOUISIANA,43566,43252,121,45,Republican
MAINE,30865,42077,169,6,Both
MARYLAND,9775,56127,185,13,Democrat
MASSACHUSETTS,7838,61032,256,1,Democrat
MICHIGAN,56539,42427,130,21,Both
MINNESOTA,79617,50541,183,7,Both
MISSISSIPPI,46914,35444,95,47,Republican
MISSOURI,68898,42752,114,19,Republican
MONTANA,145556,41280,198,10,Republican
NEBRASKA,76878,48006,137,15,Republican
NEVADA,109806,42185,171,49,Both
NEW HAMPSHIRE,8969,54817,166,2,Both
NEW JERSEY,7419,59782,188,3,Democrat
NEW MEXICO,121365,38457,133,50,Democrat
NEW YORK,47224,57705,183,31,Democrat
NORTH CAROLINA,48718,40656,129,23,Both
NORTH DAKOTA,68994,54376,153,28,Republican
OHIO,40953,43478,106,36,Republican
OKLAHOMA,68679,44272,101,42,Republican
OREGON,96003,42974,214,37,Democrat
PENNSYLVANIA,44820,49180,128,11,Both
RHODE ISLAND,1034,50080,204,9,Democrat
SOUTH CAROLINA,30111,38041,127,43,Republican
SOUTH DAKOTA,75898,45002,165,22,Republican
TENNESSEE,41220,42069,127,29,Republican
TEXAS,261914,46745,125,33,Republican
UTAH,82168,39045,186,20,Republican
VERMONT,9249,47864,149,4,Democrat
VIRGINIA,39598,52136,159,12,Both
WASHINGTON,66582,51146,226,26,Democrat
WEST VIRGINIA,24087,37047,94,41,Republican
WISCONSIN,54314,45617,139,16,Both
WYOMING,97105,55303,166,34,Republican
