﻿1,Nayma,Aktar,(720)-156-2980
2,Peter,Atkins,(720)-246-2729
3,Madison,Bares,(720)-183-2928
4,Atlus,Burgert,(720)-214-2177
5,Maddy ,Harding,(303)-945-3046
6,Ilona,Kovacs,(303)-386-3645
7,Ben,Low,(303)-847-9764
8,Peter,Maris,(303)-228-2873
9,Brooke,Austin,(303)-279-1732
10,Lauren,Barnes,(720)-370-1281
11,Caleb,Boucher,(720)-482-3207
12,Nicolas,Burdett,(720)-894-2783
13,Jeff,Burkhardt,(720)-823-3972
14,Hannah,Ducas,(720)-239-3297
15,Tim,Fenniman,(303)-008-3287
16,Alyssa,Fregelette,(303)-329-5249
17,Christian,Gropper,(303)-998-1233
18,Connor,Hasselman,(303)-324-7777
19,Will,Irvin,(303)-244-9743
20,Oliver,Irwin,(720)-345-4643
21,Simona,Kidane,(720)-352-9876
22,Mitch,Mason,(720)-324-9681
23,Michael,Mcarther,(720)-093-0350
24,Allison,McNear,(720)-083-0007
25,Meijia,Oltman,(303)-983-0238
26,Arpan,Patel,(303)-038-4739
27,Nehal,Patel,(303)-032-0357
28,Julia,Paul,(303)-405-4670
29,Emma,Smith,(303)-358-0821
30,Anthony,Sorkin,(720)-875-9808
31,Lillian,Tobias,(720)-806-2914
32,Matt,Underwood,(720)-606-2403
33,Jack,Welch,(720)-607-0947
34,Alondra,Acevado,(720)-260-1972
35,Nelson,Broussard,(303)-842-3708
36,Tucker,Butler,(303)-235-6049
37,Noah,Kolarsky,(303)-407-7183
38,Morgan,Henry,(303)-435-5467
39,Conlan,Mann,(303)-545-6736
40,Julia,Meadow,(720)-035-0828
41,Maddie,Mercer,(720)-784-2308
42,Ava,Rogers,(720)-189-2232
43,Miranda,Silva,(720)-917-2222
44,Liam,Sturge,(720)-714-2727
45,Andrea,Thyrring,(303)-408-3024
46,Caprice,Assem,(303)-338-7269
47,Jaquie,Vasquez,(303)-289-7920
48,Ryan,Wall,(303)-159-8207
49,Burke,Western,(303)-825-5436
50,Patrick,Hurnamann,(720)-035-1983
