﻿1,This person has been assigned the lower-middle class which has an assigned income range of $30001 - $50000.,41000,1,5
2,This person has been assigned the upper-middle class which has an assigned income range of $100001 - $400000.,105000,2,7
3,This person has been assigned the middle class which has an assigned income range of $50001 - $100000.,79000,3,6
4,This person has been assigned the middle class which has an assigned income range of $50001 - $100000.,84000,4,6
5,This person has been assigned the upper-middle class which has an assigned income range of $100001 - $400000.,250000,5,7
6,This person has been assigned the upper-poor class which has an assigned income range of $20001 - $30000.,30000,6,4
7,This person has been assigned the middle class which has an assigned income range of $50001 - $100000.,63000,7,6
8,This person has been assigned the lower-rich class which has an assigned income range of $400001 - $800000.,500000,8,8
9,This person has been assigned the upper-middle class which has an assigned income range of $100001 - $400000.,120000,9,7
10,This person has been assigned the middle class which has an assigned income range of $50001 - $100000.,75000,10,6
11,This person has been assigned the unemployed class which has an assigned income range of $0 or is a economic dependent.,0,11,1
12,This person has been assigned the upper-middle class which has an assigned income range of $100001 - $400000.,220000,12,7
13,This person has been assigned the lower-middle class which has an assigned income range of $30001 - $50000.,37000,13,5
14,This person has been assigned the middle class which has an assigned income range of $50001 - $100000.,70000,14,6
15,This person has been assigned the upper-middle class which has an assigned income range of $100001 - $400000.,360000,15,7
16,This person has been assigned the poor class which has an assigned income range of $10000 or less.,10000,16,2
17,This person has been assigned the upper-rich class which has an assigned income range of $1500000 or more.,1750000,17,10
18,This person has been assigned the middle-poor class which has an assigned income range of $10001 - $20000.,15000,18,3
19,This person has been assigned the rich class which has an assigned income range of $800001 - $1500000.,850000,19,9
20,This person has been assigned the lower-rich class which has an assigned income range of $400001 - $800000.,410000,20,8
21,This person has been assigned the lower-middle class which has an assigned income range of $30001 - $50000.,41000,21,5
22,This person has been assigned the upper-middle class which has an assigned income range of $100001 - $400000.,105000,22,7
23,This person has been assigned the middle class which has an assigned income range of $50001 - $100000.,79000,23,6
24,This person has been assigned the middle class which has an assigned income range of $50001 - $100000.,84000,24,6
25,This person has been assigned the upper-middle class which has an assigned income range of $100001 - $400000.,250000,25,7
26,This person has been assigned the upper-poor class which has an assigned income range of $20001 - $30000.,30000,26,4
27,This person has been assigned the middle class which has an assigned income range of $50001 - $100000.,63000,27,6
28,This person has been assigned the lower-rich class which has an assigned income range of $400001 - $800000.,500000,28,8
29,This person has been assigned the upper-middle class which has an assigned income range of $100001 - $400000.,120000,29,7
30,This person has been assigned the middle class which has an assigned income range of $50001 - $100000.,75000,30,6
31,This person has been assigned the unemployed class which has an assigned income range of $0 or is a economic dependent.,0,31,1
32,This person has been assigned the upper-middle class which has an assigned income range of $100001 - $400000.,220000,32,7
33,This person has been assigned the lower-middle class which has an assigned income range of $30001 - $50000.,37000,33,5
34,This person has been assigned the middle class which has an assigned income range of $50001 - $100000.,70000,34,6
35,This person has been assigned the upper-middle class which has an assigned income range of $100001 - $400000.,360000,35,7
36,This person has been assigned the poor class which has an assigned income range of $10000 or less.,10000,36,2
37,This person has been assigned the upper-rich class which has an assigned income range of $1500000 or more.,1750000,37,10
38,This person has been assigned the middle-poor class which has an assigned income range of $10001 - $20000.,15000,38,3
39,This person has been assigned the rich class which has an assigned income range of $800001 - $1500000.,850000,39,9
40,This person has been assigned the lower-rich class which has an assigned income range of $400001 - $800000.,410000,40,8
41,This person has been assigned the lower-middle class which has an assigned income range of $30001 - $50000.,41000,41,5
42,This person has been assigned the upper-middle class which has an assigned income range of $100001 - $400000.,105000,42,7
43,This person has been assigned the middle class which has an assigned income range of $50001 - $100000.,79000,43,6
44,This person has been assigned the middle class which has an assigned income range of $50001 - $100000.,84000,44,6
45,This person has been assigned the upper-middle class which has an assigned income range of $100001 - $400000.,250000,45,7
46,This person has been assigned the upper-poor class which has an assigned income range of $20001 - $30000.,30000,46,4
47,This person has been assigned the middle class which has an assigned income range of $50001 - $100000.,63000,47,6
48,This person has been assigned the lower-rich class which has an assigned income range of $400001 - $800000.,500000,48,8
49,This person has been assigned the upper-middle class which has an assigned income range of $100001 - $400000.,120000,49,7
50,This person has been assigned the middle class which has an assigned income range of $50001 - $100000.,75000,50,6
