﻿1,John,Novak,5/17/1967,(720)-856-2984,M,M,White,4567 Ordinary St,Pueblo,CO,80202
2,Kathy,Parr,12/15/1998,(720)-846-2723,F,F,Black,7893 Nobody Rd,Cherry Creek,CO,80204
3,David,Smithson,1/30/1980,(720)-187-2927,M,M,Asian,8375 Country Blvd,Aurora,CO,80206
4,Sully,Johnson,6/7/1995,(720)-216-2177,O,M,Biracial,4986 Hooligan Ave,Fort Collins,CO,80208
5,Peter,Peterson,4/23/1976,(303)-948-3048,M,M,White,2985 Persona St,Lone Tree,CO,80210
6,Samantha,Donahue,5/20/1977,(303)-388-3649,F,F,Asian,5925 Summata Ave,Fort Collins,CO,80208
7,Hillary,Forbis,2/8/1987,(303)-848-9763,F,F,Hispanic,3096 Corvis Rd,Aurora,CO,80206
8,Tabitha,Adelman,11/15/1965,(303)-225-2877,F,F,Biracial,7296 Pomela Blvd,Cherry Creek,CO,80204
9,Lilian,Redmond,9/27/1991,(303)-275-1736,F,I,Black,1234 Sterling St,Fort Collins,CO,80208
10,Adam,Doss,3/14/1995,(720)-375-1288,M,M,Black,1356 Felix Ave,Pueblo,CO,80202
11,Lily,Desmond,7/27/2009,(720)-477-3947,F,F,White,2587 Canis Rd,Lone Tree,CO,80210
12,Rosa,Garcia,8/29/1971,(720)-487-9753,F,M,Hispanic,1479 Harvard St,Lone Tree,CO,80210
13,Mikaela,Lopez,10/24/1954,(720)-048-3477,F,F,Hispanic,1096 Washington Rd,Pueblo,CO,80202
14,Peggy,Lum,9/11/1984,(720)-430-0073,F,F,Asian,8902 Parker Ave,Aurora,CO,80206
15,Taylor,Fox,12/4/1982,(303)-007-8498,O,F,Biracial,9075 Somebody Blvd,Cherry Creek,CO,80204
16,Avery,Soloman,5/3/1967,(303)-327-5974,M,F,White,3239 Gaylord St,Pueblo,CO,80202
17,Destiny,Beiswenger,12/21/1998,(303)-973-1983,F,F,Black,2873 Ursa Blvd,Cherry Creek,CO,80204
18,Andrew,Brown,1/13/1980,(303)-234-9477,M,M,Asian,2390 Athena St,Aurora,CO,80206
19,Jordan,Charles,6/23/1995,(303)-385-9376,O,M,Biracial,9614 Reinaeiry Ave,Fort Collins,CO,80208
20,Nicholas,Chrite,4/19/1976,(720)-975-1281,M,M,White,2973 Botanica Rd,Lone Tree,CO,80210
21,Anita,Boe,5/25/1977,(720)-987-1234,F,F,Asian,3470 Solarus St,Fort Collins,CO,80208
22,Melissa,Perez,2/14/1987,(720)-046-2023,F,F,Hispanic,2864 Karsis Ave,Aurora,CO,80206
23,Christina,Fredrickson,11/17/1965,(720)-147-2907,F,F,Biracial,7897 Superman Rd,Cherry Creek,CO,80204
24,Kaitlin,Cunningham,9/22/1991,(720)-210-2157,F,I,Black,9835 Carson St,Fort Collins,CO,80208
25,Andrew,Davis,3/4/1995,(303)-942-3948,M,M,Black,6720 Oogle Blvd,Pueblo,CO,80202
26,Eliza,Dineen,7/24/2009,(303)-300-3079,F,F,White,9267 Ordinary St,Lone Tree,CO,80210
27,Hailey,Elmore,8/21/1971,(303)-048-9760,F,M,Hispanic,7083 Nobody Rd,Lone Tree,CO,80210
28,Grace,Hunter,10/26/1954,(303)-005-4770,F,F,Hispanic,8265 Country Blvd,Pueblo,CO,80202
29,Alea,Houge,9/13/1984,(303)-270-1730,F,F,Asian,6986 Hooligan Ave,Aurora,CO,80206
30,Reztio,Gredig,12/7/1982,(720)-305-1008,O,F,Biracial,2095 Persona St,Cherry Creek,CO,80204
31,Michael,Kauffman,5/14/1967,(720)-876-2904,M,F,White,5865 Summata Ave,Pueblo,CO,80202
32,Aysia,Leckie,12/18/1998,(720)-646-2703,F,F,Black,3426 Corvis Rd,Cherry Creek,CO,80204
33,John,Lee,1/31/1980,(720)-687-0927,M,M,Asian,7208 Pomela Blvd,Aurora,CO,80206
34,Garbiel ,Lopez,6/17/1995,(720)-206-9172,O,M,Biracial,1212 Sterling St,Fort Collins,CO,80208
35,Hugo,Martin,4/18/1976,(303)-248-3078,M,M,White,9856 Felix Ave,Lone Tree,CO,80210
36,Bridghid,Herman,5/24/1977,(303)-325-0649,F,F,Asian,9387 Canis Rd,Fort Collins,CO,80208
37,Paige,Rodriguez,2/1/1987,(303)-047-1783,F,F,Hispanic,1423 Harvard St,Aurora,CO,80206
38,Amanda,Parry,11/1/1965,(303)-345-4567,F,F,Biracial,1023 Washington Rd,Cherry Creek,CO,80204
39,Joanna,Miele,9/7/1991,(303)-455-7636,F,I,Black,8976 Parker Ave,Fort Collins,CO,80208
40,Conn+B49or,McWilliams,3/3/1995,(720)-305-0288,M,M,Black,9023 Somebody Blvd,Pueblo,CO,80202
41,Lucy,Scherer,7/22/2009,(720)-874-2380,F,F,White,3283 Gaylord St,Lone Tree,CO,80210
42,Anna,Sanchez,8/26/1971,(720)-819-2223,F,M,Hispanic,2884 Ursa Blvd,Lone Tree,CO,80210
43,Natalia,Sullivan,10/27/1954,(720)-197-2222,F,F,Hispanic,8720 Athena St,Pueblo,CO,80202
44,Julie,Samsel,9/19/1984,(720)-174-2277,F,F,Asian,8734 Reinaeiry Ave,Aurora,CO,80206
45,Mickey,Shelton,12/9/1982,(303)-048-3042,O,F,Biracial,9733 Botanica Rd,Cherry Creek,CO,80204
46,Bryce,Murphy,5/13/1967,(303)-383-2769,M,F,White,8340 Solarus St,Pueblo,CO,80202
47,Mia,Sunstrom,12/19/1998,(303)-298-9720,F,F,Black,9724 Karsis Ave,Cherry Creek,CO,80204
48,Joey,Blankenship,1/2/1980,(303)-195-2807,M,M,Asian,8737 Superman Rd,Aurora,CO,80206
49,Terry,Hector,6/5/1995,(303)-285-4536,O,M,Biracial,8635 Carson St,Fort Collins,CO,80208
50,Ryan,Tibbleson,4/15/1976,(720)-305-1938,M,M,White,2971 Thompson St,Lone Tree,CO,80210
