﻿1,Insulin Degludec has been prescribed to this patient for their type of diabetes by Dr. Aktar.,100,2,23-Nov-16,1,1,1
2,Insulin Detemir has been prescribed to this patient for their type of diabetes by Dr. Atkins.,130,2,23-Dec-16,2,2,2
3,Insulin Glargine has been prescribed to this patient for their type of diabetes by Dr. Bares.,170,1,23-Jan-17,3,3,3
4,Insulin Glargine has been prescribed to this patient for their type of diabetes by Dr. Burgert.,80,2,23-Feb-17,4,4,4
5,Regular Insulin has been prescribed to this patient for their type of diabetes by Dr. Harding.,120,2,23-Mar-17,5,5,5
6,Regular Insulin has been prescribed to this patient for their type of diabetes by Dr. Kovacs.,190,1,23-Apr-17,6,6,6
7,Insulin Aspart has been prescribed to this patient for their type of diabetes by Dr. Low.,70,2,23-May-17,7,7,7
8,Insulin Aspart has been prescribed to this patient for their type of diabetes by Dr. Maris.,55,2,23-Jun-17,8,8,8
9,Insulin Aspart has been prescribed to this patient for their type of diabetes by Dr. Austin.,110,1,23-Jul-17,9,9,9
10,Insulin Glulisine has been prescribed to this patient for their type of diabetes by Dr. Barnes.,80,2,23-Aug-17,10,10,10
11,Insulin Lispro has been prescribed to this patient for their type of diabetes by Dr. Boucher.,140,1,23-Sep-17,11,11,11
12,Insulin Isophane has been prescribed to this patient for their type of diabetes by Dr. Burdett.,170,1,23-Oct-17,12,12,12
13,Insulin Isophane has been prescribed to this patient for their type of diabetes by Dr. Burkhardt.,110,2,23-Nov-17,13,13,13
14,NovoLog Mix 70/30 has been prescribed to this patient for their type of diabetes by Dr. Ducas.,200,1,23-Dec-17,14,14,14
15,Humalog Mix 75/25 has been prescribed to this patient for their type of diabetes by Dr. Fenniman.,160,1,23-Jan-18,15,15,15
16,Humalog Mix 50/50 has been prescribed to this patient for their type of diabetes by Dr. Fregelette.,100,2,23-Feb-18,16,16,16
17,Humulin 70/30 has been prescribed to this patient for their type of diabetes by Dr. Gropper.,130,2,23-Mar-18,17,17,17
18,Novolin 70/30 has been prescribed to this patient for their type of diabetes by Dr. Hasselman.,150,1,23-Apr-18,18,18,18
19,Ryzodeg has been prescribed to this patient for their type of diabetes by Dr. Irvin.,140,2,23-May-18,19,19,19
20,Acarbose has been prescribed to this patient for their type of diabetes by Dr. Irwin.,150,2,23-Jun-18,20,20,20
21,Miglitol has been prescribed to this patient for their type of diabetes by Dr. Kidane.,200,1,23-Jul-18,21,21,21
22,Metformin-Alogliptin has been prescribed to this patient for their type of diabetes by Dr. Mason.,160,2,23-Aug-18,22,22,22
23,Metformin-Canagliflozin has been prescribed to this patient for their type of diabetes by Dr. Mcarther.,70,2,23-Sep-18,23,23,23
24,Metformin-Dapaglifzolin has been prescribed to this patient for their type of diabetes by Dr. McNear.,210,1,23-Oct-18,24,24,24
25,Metformin-Empagliflozin has been prescribed to this patient for their type of diabetes by Dr. Oltman.,180,1,23-Nov-18,25,25,25
26,Metformin-Glyburide has been prescribed to this patient for their type of diabetes by Dr. Patel.,90,2,23-Dec-18,26,26,26
27,Metform-Linagliptin has been prescribed to this patient for their type of diabetes by Dr. Patel.,240,1,23-Jan-19,27,27,27
28,Metform-Pioglitazone has been prescribed to this patient for their type of diabetes by Dr. Paul.,220,1,23-Feb-19,28,28,28
29,Metform-Repagline has been prescribed to this patient for their type of diabetes by Dr. Smith.,60,2,23-Mar-19,29,29,29
30,Metformin-Saxagliptin has been prescribed to this patient for their type of diabetes by Dr. Sorkin.,70,2,23-Apr-19,30,30,30
31,Insulin Degludec has been prescribed to this patient for their type of diabetes by Dr. Tobias.,100,2,23-May-19,1,31,31
32,Insulin Detemir has been prescribed to this patient for their type of diabetes by Dr. Underwood.,80,2,23-Jun-19,2,32,32
33,Insulin Glargine has been prescribed to this patient for their type of diabetes by Dr. Welch.,170,1,23-Jul-19,3,33,33
34,Insulin Glargine has been prescribed to this patient for their type of diabetes by Dr. Acevado.,60,2,23-Aug-19,4,34,34
35,Regular Insulin has been prescribed to this patient for their type of diabetes by Dr. Broussard.,105,2,23-Sep-19,5,35,35
36,Regular Insulin has been prescribed to this patient for their type of diabetes by Dr. Butler.,190,1,23-Oct-19,6,36,36
37,Insulin Aspart has been prescribed to this patient for their type of diabetes by Dr. Kolarsky.,70,2,23-Nov-19,7,37,37
38,Insulin Aspart has been prescribed to this patient for their type of diabetes by Dr. Henry.,90,2,23-Dec-19,8,38,38
39,Insulin Aspart has been prescribed to this patient for their type of diabetes by Dr. Mann.,210,1,23-Jan-20,9,39,39
40,Insulin Glulisine has been prescribed to this patient for their type of diabetes by Dr. Meadow.,130,2,23-Feb-20,10,40,40
41,Insulin Lispro has been prescribed to this patient for their type of diabetes by Dr. Mercer.,240,1,23-Mar-20,11,41,41
42,Insulin Isophane has been prescribed to this patient for their type of diabetes by Dr. Rogers.,220,1,23-Apr-20,12,42,42
43,Insulin Isophane has been prescribed to this patient for their type of diabetes by Dr. Silva.,120,2,23-May-20,13,43,43
44,NovoLog Mix 70/30 has been prescribed to this patient for their type of diabetes by Dr. Sturge.,300,1,23-Jun-20,14,44,44
45,Humalog Mix 75/25 has been prescribed to this patient for their type of diabetes by Dr. Thyrring.,260,1,23-Jul-20,15,45,45
46,Humalog Mix 50/50 has been prescribed to this patient for their type of diabetes by Dr. Assem.,110,2,23-Aug-20,16,46,46
47,Humulin 70/30 has been prescribed to this patient for their type of diabetes by Dr. Vasquez.,100,2,23-Sep-20,17,47,47
48,Novolin 70/30 has been prescribed to this patient for their type of diabetes by Dr. Wall.,230,1,23-Oct-20,18,48,48
49,Ryzodeg has been prescribed to this patient for their type of diabetes by Dr. Western.,90,2,23-Nov-20,19,49,49
50,Acarbose has been prescribed to this patient for their type of diabetes by Dr. Hurnamann.,80,2,23-Dec-20,20,50,50
